11%20%30%40 ,13:38:57
10%20%30%40,13:39:07
11%20%30%40 ,13:38:57
10%20%30%40,13:39:07
11%20%30%40 ,13:39:53
10%20%30%40,13:40:00
11%20%30%40 ,13:38:57
10%20%30%40,13:39:07
11%20%30%40 ,13:39:53
10%20%30%40,13:40:00
11%20%30%40 ,13:40:39
10%20%30%40,14:00:54
11%20%30%40 ,18:40:45
10%20%30%40,19:00:49
11%20%30%40 ,07:33:06
10%20%30%40,07:53:12
11%20%30%40 ,13:40:45
10%20%30%40,14:00:48
11%20%30%40 ,14:49:37
10%20%30%40,15:09:45
11%20%30%40 ,11:11:29
10%20%30%40,11:12:29
11%20%30%40 ,11:12:33
10%20%30%40,11:13:34
11%20%30%40 ,17:03:57
10%20%30%40,17:24:05
11%20%30%40 ,13:38:57
10%20%30%40,13:39:07
11%20%30%40 ,13:39:53
10%20%30%40,13:40:00
11%20%30%40 ,13:40:39
10%20%30%40,14:00:54
11%20%30%40 ,18:40:45
10%20%30%40,19:00:49
11%20%30%40 ,07:33:06
10%20%30%40,07:53:12
11%20%30%40 ,13:40:45
10%20%30%40,14:00:48
11%20%30%40 ,14:49:37
10%20%30%40,15:09:45
11%20%30%40 ,11:11:29
10%20%30%40,11:12:29
11%20%30%40 ,11:12:33
10%20%30%40,11:13:34
11%20%30%40 ,17:03:57
10%20%30%40,17:24:05
11%20%30%40 ,06:40:50
10%20%30%40,06:41:03
11%20%30%40 ,13:38:57
10%20%30%40,13:39:07
11%20%30%40 ,13:39:53
10%20%30%40,13:40:00
11%20%30%40 ,13:40:39
10%20%30%40,14:00:54
11%20%30%40 ,18:40:45
10%20%30%40,19:00:49
11%20%30%40 ,07:33:06
10%20%30%40,07:53:12
11%20%30%40 ,13:40:45
10%20%30%40,14:00:48
11%20%30%40 ,14:49:37
10%20%30%40,15:09:45
11%20%30%40 ,11:11:29
10%20%30%40,11:12:29
11%20%30%40 ,11:12:33
10%20%30%40,11:13:34
11%20%30%40 ,17:03:57
10%20%30%40,17:24:05
11%20%30%40 ,06:40:50
10%20%30%40,06:41:03
11%20%30%40 ,23:10:56
10%20%30%40,23:12:21
